id,category,content_brief,generation_prompt,negative_prompt,lora_caption
0001,close portrait,"adult woman with short black hair and a solemn gaze, cracked helmet held below frame, dark cockpit reflection behind her","adult woman with short black hair and a solemn gaze, cracked helmet held below frame, dark cockpit reflection behind her. Rendered in Nocturne Aegis Cel: original high-end digital anime illustration with a 1990s cel-animation skeleton and modern volumetric digital painting finish. Elongated elegant proportions where applicable, sharp geometric faces, subtle melancholic expression, tapered sweeping linework, bold hard-surface ink contours, jewel-toned blackened indigo violet magenta sapphire palette with antique gold or pale silver accents, layered 1/2/3 shadows, deep ambient occlusion, extreme chiaroscuro, crisp rim light, glass-like geometric eyes, soft skin, matte cloth, iridescent metal, cinematic isolation, clear silhouette, controlled detail hierarchy, no text, no watermark.","generic anime, chibi, round childish proportions, plastic skin, 3d render, low contrast, muddy colors, blurry lineart, uniform line weight, messy ornamental noise, bad anatomy, malformed hands, extra fingers, fused objects, text, logo, watermark, signature","nacel_v1, an adult woman with short black hair and a solemn gaze, holding a cracked helmet below frame, dark cockpit reflection behind her, close portrait"
0002,close portrait,"adult man with silver hair, narrow eyes, side-lit face, high-collared armored coat, rain-streaked window behind him","adult man with silver hair, narrow eyes, side-lit face, high-collared armored coat, rain-streaked window behind him. Rendered in Nocturne Aegis Cel: original high-end digital anime illustration with a 1990s cel-animation skeleton and modern volumetric digital painting finish. Elongated elegant proportions where applicable, sharp geometric faces, subtle melancholic expression, tapered sweeping linework, bold hard-surface ink contours, jewel-toned blackened indigo violet magenta sapphire palette with antique gold or pale silver accents, layered 1/2/3 shadows, deep ambient occlusion, extreme chiaroscuro, crisp rim light, glass-like geometric eyes, soft skin, matte cloth, iridescent metal, cinematic isolation, clear silhouette, controlled detail hierarchy, no text, no watermark.","generic anime, chibi, round childish proportions, plastic skin, 3d render, low contrast, muddy colors, blurry lineart, uniform line weight, messy ornamental noise, bad anatomy, malformed hands, extra fingers, fused objects, text, logo, watermark, signature","nacel_v1, an adult man with silver hair and narrow eyes wearing a high-collared armored coat, rain-streaked window behind him, close portrait"
0003,close portrait,"androgynous masked knight with one visible eye, fractured visor, vertical cathedral shadows","androgynous masked knight with one visible eye, fractured visor, vertical cathedral shadows. Rendered in Nocturne Aegis Cel: original high-end digital anime illustration with a 1990s cel-animation skeleton and modern volumetric digital painting finish. Elongated elegant proportions where applicable, sharp geometric faces, subtle melancholic expression, tapered sweeping linework, bold hard-surface ink contours, jewel-toned blackened indigo violet magenta sapphire palette with antique gold or pale silver accents, layered 1/2/3 shadows, deep ambient occlusion, extreme chiaroscuro, crisp rim light, glass-like geometric eyes, soft skin, matte cloth, iridescent metal, cinematic isolation, clear silhouette, controlled detail hierarchy, no text, no watermark.","generic anime, chibi, round childish proportions, plastic skin, 3d render, low contrast, muddy colors, blurry lineart, uniform line weight, messy ornamental noise, bad anatomy, malformed hands, extra fingers, fused objects, text, logo, watermark, signature","nacel_v1, an androgynous masked knight with one visible eye and a fractured visor, vertical cathedral shadows in the background, close portrait"
0004,close portrait,"adult pilot with cropped violet hair, oxygen collar, cockpit warning lights, three-quarter face angle","adult pilot with cropped violet hair, oxygen collar, cockpit warning lights, three-quarter face angle. Rendered in Nocturne Aegis Cel: original high-end digital anime illustration with a 1990s cel-animation skeleton and modern volumetric digital painting finish. Elongated elegant proportions where applicable, sharp geometric faces, subtle melancholic expression, tapered sweeping linework, bold hard-surface ink contours, jewel-toned blackened indigo violet magenta sapphire palette with antique gold or pale silver accents, layered 1/2/3 shadows, deep ambient occlusion, extreme chiaroscuro, crisp rim light, glass-like geometric eyes, soft skin, matte cloth, iridescent metal, cinematic isolation, clear silhouette, controlled detail hierarchy, no text, no watermark.","generic anime, chibi, round childish proportions, plastic skin, 3d render, low contrast, muddy colors, blurry lineart, uniform line weight, messy ornamental noise, bad anatomy, malformed hands, extra fingers, fused objects, text, logo, watermark, signature","nacel_v1, an adult pilot with cropped violet hair and an oxygen collar, cockpit warning lights behind them, three-quarter close portrait"
0005,close portrait,"android face with partial metal cheek, exposed small mechanical seams, calm downward gaze","android face with partial metal cheek, exposed small mechanical seams, calm downward gaze. Rendered in Nocturne Aegis Cel: original high-end digital anime illustration with a 1990s cel-animation skeleton and modern volumetric digital painting finish. Elongated elegant proportions where applicable, sharp geometric faces, subtle melancholic expression, tapered sweeping linework, bold hard-surface ink contours, jewel-toned blackened indigo violet magenta sapphire palette with antique gold or pale silver accents, layered 1/2/3 shadows, deep ambient occlusion, extreme chiaroscuro, crisp rim light, glass-like geometric eyes, soft skin, matte cloth, iridescent metal, cinematic isolation, clear silhouette, controlled detail hierarchy, no text, no watermark.","generic anime, chibi, round childish proportions, plastic skin, 3d render, low contrast, muddy colors, blurry lineart, uniform line weight, messy ornamental noise, bad anatomy, malformed hands, extra fingers, fused objects, text, logo, watermark, signature","nacel_v1, an android with a partial metal cheek and exposed small mechanical seams, looking downward, close portrait"
0006,bust,"ceremonial armored priestess holding a small relic, layered mantle, ruined altar behind her","ceremonial armored priestess holding a small relic, layered mantle, ruined altar behind her. Rendered in Nocturne Aegis Cel: original high-end digital anime illustration with a 1990s cel-animation skeleton and modern volumetric digital painting finish. Elongated elegant proportions where applicable, sharp geometric faces, subtle melancholic expression, tapered sweeping linework, bold hard-surface ink contours, jewel-toned blackened indigo violet magenta sapphire palette with antique gold or pale silver accents, layered 1/2/3 shadows, deep ambient occlusion, extreme chiaroscuro, crisp rim light, glass-like geometric eyes, soft skin, matte cloth, iridescent metal, cinematic isolation, clear silhouette, controlled detail hierarchy, no text, no watermark.","generic anime, chibi, round childish proportions, plastic skin, 3d render, low contrast, muddy colors, blurry lineart, uniform line weight, messy ornamental noise, bad anatomy, malformed hands, extra fingers, fused objects, text, logo, watermark, signature","nacel_v1, an adult ceremonial armored priestess holding a small relic, wearing a layered mantle, ruined altar behind her, bust shot"
0007,bust,"cybernetic swordsman with dark mantle and visible mechanical collar, hand resting on sword hilt","cybernetic swordsman with dark mantle and visible mechanical collar, hand resting on sword hilt. Rendered in Nocturne Aegis Cel: original high-end digital anime illustration with a 1990s cel-animation skeleton and modern volumetric digital painting finish. Elongated elegant proportions where applicable, sharp geometric faces, subtle melancholic expression, tapered sweeping linework, bold hard-surface ink contours, jewel-toned blackened indigo violet magenta sapphire palette with antique gold or pale silver accents, layered 1/2/3 shadows, deep ambient occlusion, extreme chiaroscuro, crisp rim light, glass-like geometric eyes, soft skin, matte cloth, iridescent metal, cinematic isolation, clear silhouette, controlled detail hierarchy, no text, no watermark.","generic anime, chibi, round childish proportions, plastic skin, 3d render, low contrast, muddy colors, blurry lineart, uniform line weight, messy ornamental noise, bad anatomy, malformed hands, extra fingers, fused objects, text, logo, watermark, signature","nacel_v1, an adult cybernetic swordsman wearing a dark mantle and mechanical collar, hand resting on a sword hilt, bust shot"
0008,bust,"unarmored scholar in layered dark robes, holding a damaged book, old observatory interior","unarmored scholar in layered dark robes, holding a damaged book, old observatory interior. Rendered in Nocturne Aegis Cel: original high-end digital anime illustration with a 1990s cel-animation skeleton and modern volumetric digital painting finish. Elongated elegant proportions where applicable, sharp geometric faces, subtle melancholic expression, tapered sweeping linework, bold hard-surface ink contours, jewel-toned blackened indigo violet magenta sapphire palette with antique gold or pale silver accents, layered 1/2/3 shadows, deep ambient occlusion, extreme chiaroscuro, crisp rim light, glass-like geometric eyes, soft skin, matte cloth, iridescent metal, cinematic isolation, clear silhouette, controlled detail hierarchy, no text, no watermark.","generic anime, chibi, round childish proportions, plastic skin, 3d render, low contrast, muddy colors, blurry lineart, uniform line weight, messy ornamental noise, bad anatomy, malformed hands, extra fingers, fused objects, text, logo, watermark, signature","nacel_v1, an adult scholar in layered dark robes holding a damaged book, old observatory interior in the background, bust shot"
0009,bust,"sky-captain with mechanical shoulder collar, windblown scarf, distant launch tower window","sky-captain with mechanical shoulder collar, windblown scarf, distant launch tower window. Rendered in Nocturne Aegis Cel: original high-end digital anime illustration with a 1990s cel-animation skeleton and modern volumetric digital painting finish. Elongated elegant proportions where applicable, sharp geometric faces, subtle melancholic expression, tapered sweeping linework, bold hard-surface ink contours, jewel-toned blackened indigo violet magenta sapphire palette with antique gold or pale silver accents, layered 1/2/3 shadows, deep ambient occlusion, extreme chiaroscuro, crisp rim light, glass-like geometric eyes, soft skin, matte cloth, iridescent metal, cinematic isolation, clear silhouette, controlled detail hierarchy, no text, no watermark.","generic anime, chibi, round childish proportions, plastic skin, 3d render, low contrast, muddy colors, blurry lineart, uniform line weight, messy ornamental noise, bad anatomy, malformed hands, extra fingers, fused objects, text, logo, watermark, signature","nacel_v1, an adult sky-captain wearing a mechanical shoulder collar and windblown scarf, distant launch tower visible through a window, bust shot"
0010,bust,"wounded sentinel holding a removed helmet, bandaged hand, dim throne room background","wounded sentinel holding a removed helmet, bandaged hand, dim throne room background. Rendered in Nocturne Aegis Cel: original high-end digital anime illustration with a 1990s cel-animation skeleton and modern volumetric digital painting finish. Elongated elegant proportions where applicable, sharp geometric faces, subtle melancholic expression, tapered sweeping linework, bold hard-surface ink contours, jewel-toned blackened indigo violet magenta sapphire palette with antique gold or pale silver accents, layered 1/2/3 shadows, deep ambient occlusion, extreme chiaroscuro, crisp rim light, glass-like geometric eyes, soft skin, matte cloth, iridescent metal, cinematic isolation, clear silhouette, controlled detail hierarchy, no text, no watermark.","generic anime, chibi, round childish proportions, plastic skin, 3d render, low contrast, muddy colors, blurry lineart, uniform line weight, messy ornamental noise, bad anatomy, malformed hands, extra fingers, fused objects, text, logo, watermark, signature","nacel_v1, a wounded adult sentinel holding a removed helmet with one bandaged hand, dim throne room in the background, bust shot"
0011,full body,"spear bearer standing on a cathedral bridge, long coat panels blowing, moonlit city below","spear bearer standing on a cathedral bridge, long coat panels blowing, moonlit city below. Rendered in Nocturne Aegis Cel: original high-end digital anime illustration with a 1990s cel-animation skeleton and modern volumetric digital painting finish. Elongated elegant proportions where applicable, sharp geometric faces, subtle melancholic expression, tapered sweeping linework, bold hard-surface ink contours, jewel-toned blackened indigo violet magenta sapphire palette with antique gold or pale silver accents, layered 1/2/3 shadows, deep ambient occlusion, extreme chiaroscuro, crisp rim light, glass-like geometric eyes, soft skin, matte cloth, iridescent metal, cinematic isolation, clear silhouette, controlled detail hierarchy, no text, no watermark.","generic anime, chibi, round childish proportions, plastic skin, 3d render, low contrast, muddy colors, blurry lineart, uniform line weight, messy ornamental noise, bad anatomy, malformed hands, extra fingers, fused objects, text, logo, watermark, signature","nacel_v1, an adult spear bearer standing on a cathedral bridge with long coat panels blowing, moonlit city below, full body"
0012,full body,"armored archer in a ruined observatory, bow lowered, circular star map behind them","armored archer in a ruined observatory, bow lowered, circular star map behind them. Rendered in Nocturne Aegis Cel: original high-end digital anime illustration with a 1990s cel-animation skeleton and modern volumetric digital painting finish. Elongated elegant proportions where applicable, sharp geometric faces, subtle melancholic expression, tapered sweeping linework, bold hard-surface ink contours, jewel-toned blackened indigo violet magenta sapphire palette with antique gold or pale silver accents, layered 1/2/3 shadows, deep ambient occlusion, extreme chiaroscuro, crisp rim light, glass-like geometric eyes, soft skin, matte cloth, iridescent metal, cinematic isolation, clear silhouette, controlled detail hierarchy, no text, no watermark.","generic anime, chibi, round childish proportions, plastic skin, 3d render, low contrast, muddy colors, blurry lineart, uniform line weight, messy ornamental noise, bad anatomy, malformed hands, extra fingers, fused objects, text, logo, watermark, signature","nacel_v1, an adult armored archer standing in a ruined observatory with bow lowered, circular star map behind them, full body"
0013,full body,"elegant mage with ribbon-like energy around both arms, standing in shallow reflective water","elegant mage with ribbon-like energy around both arms, standing in shallow reflective water. Rendered in Nocturne Aegis Cel: original high-end digital anime illustration with a 1990s cel-animation skeleton and modern volumetric digital painting finish. Elongated elegant proportions where applicable, sharp geometric faces, subtle melancholic expression, tapered sweeping linework, bold hard-surface ink contours, jewel-toned blackened indigo violet magenta sapphire palette with antique gold or pale silver accents, layered 1/2/3 shadows, deep ambient occlusion, extreme chiaroscuro, crisp rim light, glass-like geometric eyes, soft skin, matte cloth, iridescent metal, cinematic isolation, clear silhouette, controlled detail hierarchy, no text, no watermark.","generic anime, chibi, round childish proportions, plastic skin, 3d render, low contrast, muddy colors, blurry lineart, uniform line weight, messy ornamental noise, bad anatomy, malformed hands, extra fingers, fused objects, text, logo, watermark, signature","nacel_v1, an adult mage standing in shallow reflective water with ribbon-like energy around both arms, full body"
0014,full body,"heavy biomechanical knight with broad shoulders, exposed joints, broken gate behind him","heavy biomechanical knight with broad shoulders, exposed joints, broken gate behind him. Rendered in Nocturne Aegis Cel: original high-end digital anime illustration with a 1990s cel-animation skeleton and modern volumetric digital painting finish. Elongated elegant proportions where applicable, sharp geometric faces, subtle melancholic expression, tapered sweeping linework, bold hard-surface ink contours, jewel-toned blackened indigo violet magenta sapphire palette with antique gold or pale silver accents, layered 1/2/3 shadows, deep ambient occlusion, extreme chiaroscuro, crisp rim light, glass-like geometric eyes, soft skin, matte cloth, iridescent metal, cinematic isolation, clear silhouette, controlled detail hierarchy, no text, no watermark.","generic anime, chibi, round childish proportions, plastic skin, 3d render, low contrast, muddy colors, blurry lineart, uniform line weight, messy ornamental noise, bad anatomy, malformed hands, extra fingers, fused objects, text, logo, watermark, signature","nacel_v1, a heavy adult biomechanical knight with broad shoulders and exposed joints, broken gate behind him, full body"
0015,full body,"cloth-heavy wanderer with small metal accents, staff and satchel, night desert ruins","cloth-heavy wanderer with small metal accents, staff and satchel, night desert ruins. Rendered in Nocturne Aegis Cel: original high-end digital anime illustration with a 1990s cel-animation skeleton and modern volumetric digital painting finish. Elongated elegant proportions where applicable, sharp geometric faces, subtle melancholic expression, tapered sweeping linework, bold hard-surface ink contours, jewel-toned blackened indigo violet magenta sapphire palette with antique gold or pale silver accents, layered 1/2/3 shadows, deep ambient occlusion, extreme chiaroscuro, crisp rim light, glass-like geometric eyes, soft skin, matte cloth, iridescent metal, cinematic isolation, clear silhouette, controlled detail hierarchy, no text, no watermark.","generic anime, chibi, round childish proportions, plastic skin, 3d render, low contrast, muddy colors, blurry lineart, uniform line weight, messy ornamental noise, bad anatomy, malformed hands, extra fingers, fused objects, text, logo, watermark, signature","nacel_v1, an adult wanderer wearing layered cloth with small metal accents, carrying a staff and satchel, night desert ruins behind them, full body"
0016,action,"sword slash crossing the frame, adult duelist lunging forward, hard-edged energy fragments","sword slash crossing the frame, adult duelist lunging forward, hard-edged energy fragments. Rendered in Nocturne Aegis Cel: original high-end digital anime illustration with a 1990s cel-animation skeleton and modern volumetric digital painting finish. Elongated elegant proportions where applicable, sharp geometric faces, subtle melancholic expression, tapered sweeping linework, bold hard-surface ink contours, jewel-toned blackened indigo violet magenta sapphire palette with antique gold or pale silver accents, layered 1/2/3 shadows, deep ambient occlusion, extreme chiaroscuro, crisp rim light, glass-like geometric eyes, soft skin, matte cloth, iridescent metal, cinematic isolation, clear silhouette, controlled detail hierarchy, no text, no watermark.","generic anime, chibi, round childish proportions, plastic skin, 3d render, low contrast, muddy colors, blurry lineart, uniform line weight, messy ornamental noise, bad anatomy, malformed hands, extra fingers, fused objects, text, logo, watermark, signature","nacel_v1, an adult duelist lunging forward with a sword slash crossing the frame, energy fragments around them, action shot"
0017,action,"leaping lancer in diagonal composition, broken banners and debris trailing behind","leaping lancer in diagonal composition, broken banners and debris trailing behind. Rendered in Nocturne Aegis Cel: original high-end digital anime illustration with a 1990s cel-animation skeleton and modern volumetric digital painting finish. Elongated elegant proportions where applicable, sharp geometric faces, subtle melancholic expression, tapered sweeping linework, bold hard-surface ink contours, jewel-toned blackened indigo violet magenta sapphire palette with antique gold or pale silver accents, layered 1/2/3 shadows, deep ambient occlusion, extreme chiaroscuro, crisp rim light, glass-like geometric eyes, soft skin, matte cloth, iridescent metal, cinematic isolation, clear silhouette, controlled detail hierarchy, no text, no watermark.","generic anime, chibi, round childish proportions, plastic skin, 3d render, low contrast, muddy colors, blurry lineart, uniform line weight, messy ornamental noise, bad anatomy, malformed hands, extra fingers, fused objects, text, logo, watermark, signature","nacel_v1, an adult lancer leaping in a diagonal composition, broken banners and debris trailing behind them, action shot"
0018,action,"pilot ejecting from a broken machine wing, cables and coat panels forming arcs","pilot ejecting from a broken machine wing, cables and coat panels forming arcs. Rendered in Nocturne Aegis Cel: original high-end digital anime illustration with a 1990s cel-animation skeleton and modern volumetric digital painting finish. Elongated elegant proportions where applicable, sharp geometric faces, subtle melancholic expression, tapered sweeping linework, bold hard-surface ink contours, jewel-toned blackened indigo violet magenta sapphire palette with antique gold or pale silver accents, layered 1/2/3 shadows, deep ambient occlusion, extreme chiaroscuro, crisp rim light, glass-like geometric eyes, soft skin, matte cloth, iridescent metal, cinematic isolation, clear silhouette, controlled detail hierarchy, no text, no watermark.","generic anime, chibi, round childish proportions, plastic skin, 3d render, low contrast, muddy colors, blurry lineart, uniform line weight, messy ornamental noise, bad anatomy, malformed hands, extra fingers, fused objects, text, logo, watermark, signature","nacel_v1, an adult pilot ejecting from a broken machine wing, cables and coat panels forming arcs around them, action shot"
0019,action,"shield bearer blocking an impact, fragments radiating outward, low camera angle","shield bearer blocking an impact, fragments radiating outward, low camera angle. Rendered in Nocturne Aegis Cel: original high-end digital anime illustration with a 1990s cel-animation skeleton and modern volumetric digital painting finish. Elongated elegant proportions where applicable, sharp geometric faces, subtle melancholic expression, tapered sweeping linework, bold hard-surface ink contours, jewel-toned blackened indigo violet magenta sapphire palette with antique gold or pale silver accents, layered 1/2/3 shadows, deep ambient occlusion, extreme chiaroscuro, crisp rim light, glass-like geometric eyes, soft skin, matte cloth, iridescent metal, cinematic isolation, clear silhouette, controlled detail hierarchy, no text, no watermark.","generic anime, chibi, round childish proportions, plastic skin, 3d render, low contrast, muddy colors, blurry lineart, uniform line weight, messy ornamental noise, bad anatomy, malformed hands, extra fingers, fused objects, text, logo, watermark, signature","nacel_v1, an adult shield bearer blocking an impact with fragments radiating outward, low camera angle, action shot"
0020,action,"long-haired android stepping through sparks, cables sweeping across the frame, weapon lowered","long-haired android stepping through sparks, cables sweeping across the frame, weapon lowered. Rendered in Nocturne Aegis Cel: original high-end digital anime illustration with a 1990s cel-animation skeleton and modern volumetric digital painting finish. Elongated elegant proportions where applicable, sharp geometric faces, subtle melancholic expression, tapered sweeping linework, bold hard-surface ink contours, jewel-toned blackened indigo violet magenta sapphire palette with antique gold or pale silver accents, layered 1/2/3 shadows, deep ambient occlusion, extreme chiaroscuro, crisp rim light, glass-like geometric eyes, soft skin, matte cloth, iridescent metal, cinematic isolation, clear silhouette, controlled detail hierarchy, no text, no watermark.","generic anime, chibi, round childish proportions, plastic skin, 3d render, low contrast, muddy colors, blurry lineart, uniform line weight, messy ornamental noise, bad anatomy, malformed hands, extra fingers, fused objects, text, logo, watermark, signature","nacel_v1, a long-haired android stepping through sparks with cables sweeping across the frame and a weapon lowered, action shot"
0021,wide environment,"lone figure in a ruined futuristic avenue, vertical towers, huge moon, small human scale","lone figure in a ruined futuristic avenue, vertical towers, huge moon, small human scale. Rendered in Nocturne Aegis Cel: original high-end digital anime illustration with a 1990s cel-animation skeleton and modern volumetric digital painting finish. Elongated elegant proportions where applicable, sharp geometric faces, subtle melancholic expression, tapered sweeping linework, bold hard-surface ink contours, jewel-toned blackened indigo violet magenta sapphire palette with antique gold or pale silver accents, layered 1/2/3 shadows, deep ambient occlusion, extreme chiaroscuro, crisp rim light, glass-like geometric eyes, soft skin, matte cloth, iridescent metal, cinematic isolation, clear silhouette, controlled detail hierarchy, no text, no watermark.","generic anime, chibi, round childish proportions, plastic skin, 3d render, low contrast, muddy colors, blurry lineart, uniform line weight, messy ornamental noise, bad anatomy, malformed hands, extra fingers, fused objects, text, logo, watermark, signature","nacel_v1, a lone adult figure standing in a ruined futuristic avenue with vertical towers and a huge moon, wide shot"
0022,wide environment,"cathedral-mecha skyline at night, two tiny figures on a high bridge, clouds behind spires","cathedral-mecha skyline at night, two tiny figures on a high bridge, clouds behind spires. Rendered in Nocturne Aegis Cel: original high-end digital anime illustration with a 1990s cel-animation skeleton and modern volumetric digital painting finish. Elongated elegant proportions where applicable, sharp geometric faces, subtle melancholic expression, tapered sweeping linework, bold hard-surface ink contours, jewel-toned blackened indigo violet magenta sapphire palette with antique gold or pale silver accents, layered 1/2/3 shadows, deep ambient occlusion, extreme chiaroscuro, crisp rim light, glass-like geometric eyes, soft skin, matte cloth, iridescent metal, cinematic isolation, clear silhouette, controlled detail hierarchy, no text, no watermark.","generic anime, chibi, round childish proportions, plastic skin, 3d render, low contrast, muddy colors, blurry lineart, uniform line weight, messy ornamental noise, bad anatomy, malformed hands, extra fingers, fused objects, text, logo, watermark, signature","nacel_v1, two tiny adult figures standing on a high bridge in front of a cathedral-mecha skyline at night, wide shot"
0023,wide environment,"flooded city with reflective black water, abandoned armor pieces, distant lights","flooded city with reflective black water, abandoned armor pieces, distant lights. Rendered in Nocturne Aegis Cel: original high-end digital anime illustration with a 1990s cel-animation skeleton and modern volumetric digital painting finish. Elongated elegant proportions where applicable, sharp geometric faces, subtle melancholic expression, tapered sweeping linework, bold hard-surface ink contours, jewel-toned blackened indigo violet magenta sapphire palette with antique gold or pale silver accents, layered 1/2/3 shadows, deep ambient occlusion, extreme chiaroscuro, crisp rim light, glass-like geometric eyes, soft skin, matte cloth, iridescent metal, cinematic isolation, clear silhouette, controlled detail hierarchy, no text, no watermark.","generic anime, chibi, round childish proportions, plastic skin, 3d render, low contrast, muddy colors, blurry lineart, uniform line weight, messy ornamental noise, bad anatomy, malformed hands, extra fingers, fused objects, text, logo, watermark, signature","nacel_v1, a flooded city with reflective black water, abandoned armor pieces, and distant lights, wide shot, no people"
0024,wide environment,"interior throne room with tall windows, empty black throne, banners torn by wind","interior throne room with tall windows, empty black throne, banners torn by wind. Rendered in Nocturne Aegis Cel: original high-end digital anime illustration with a 1990s cel-animation skeleton and modern volumetric digital painting finish. Elongated elegant proportions where applicable, sharp geometric faces, subtle melancholic expression, tapered sweeping linework, bold hard-surface ink contours, jewel-toned blackened indigo violet magenta sapphire palette with antique gold or pale silver accents, layered 1/2/3 shadows, deep ambient occlusion, extreme chiaroscuro, crisp rim light, glass-like geometric eyes, soft skin, matte cloth, iridescent metal, cinematic isolation, clear silhouette, controlled detail hierarchy, no text, no watermark.","generic anime, chibi, round childish proportions, plastic skin, 3d render, low contrast, muddy colors, blurry lineart, uniform line weight, messy ornamental noise, bad anatomy, malformed hands, extra fingers, fused objects, text, logo, watermark, signature","nacel_v1, an interior throne room with tall windows, an empty black throne, and torn banners blowing in the wind, wide shot, no people"
0025,wide environment,"floating fortress silhouette above broken clouds, one airship approaching from below","floating fortress silhouette above broken clouds, one airship approaching from below. Rendered in Nocturne Aegis Cel: original high-end digital anime illustration with a 1990s cel-animation skeleton and modern volumetric digital painting finish. Elongated elegant proportions where applicable, sharp geometric faces, subtle melancholic expression, tapered sweeping linework, bold hard-surface ink contours, jewel-toned blackened indigo violet magenta sapphire palette with antique gold or pale silver accents, layered 1/2/3 shadows, deep ambient occlusion, extreme chiaroscuro, crisp rim light, glass-like geometric eyes, soft skin, matte cloth, iridescent metal, cinematic isolation, clear silhouette, controlled detail hierarchy, no text, no watermark.","generic anime, chibi, round childish proportions, plastic skin, 3d render, low contrast, muddy colors, blurry lineart, uniform line weight, messy ornamental noise, bad anatomy, malformed hands, extra fingers, fused objects, text, logo, watermark, signature","nacel_v1, a floating fortress silhouette above broken clouds with one airship approaching from below, wide shot"
0026,object study,"ornate sword and scabbard placed on dark cloth, cracked gem in the guard","ornate sword and scabbard placed on dark cloth, cracked gem in the guard. Rendered in Nocturne Aegis Cel: original high-end digital anime illustration with a 1990s cel-animation skeleton and modern volumetric digital painting finish. Elongated elegant proportions where applicable, sharp geometric faces, subtle melancholic expression, tapered sweeping linework, bold hard-surface ink contours, jewel-toned blackened indigo violet magenta sapphire palette with antique gold or pale silver accents, layered 1/2/3 shadows, deep ambient occlusion, extreme chiaroscuro, crisp rim light, glass-like geometric eyes, soft skin, matte cloth, iridescent metal, cinematic isolation, clear silhouette, controlled detail hierarchy, no text, no watermark.","generic anime, chibi, round childish proportions, plastic skin, 3d render, low contrast, muddy colors, blurry lineart, uniform line weight, messy ornamental noise, bad anatomy, malformed hands, extra fingers, fused objects, text, logo, watermark, signature","nacel_v1, an ornate sword and scabbard placed on dark cloth with a cracked gem in the guard, object study"
0027,object study,"helmet with glass visor and gold trim resting on a stone step, rain droplets on surface","helmet with glass visor and gold trim resting on a stone step, rain droplets on surface. Rendered in Nocturne Aegis Cel: original high-end digital anime illustration with a 1990s cel-animation skeleton and modern volumetric digital painting finish. Elongated elegant proportions where applicable, sharp geometric faces, subtle melancholic expression, tapered sweeping linework, bold hard-surface ink contours, jewel-toned blackened indigo violet magenta sapphire palette with antique gold or pale silver accents, layered 1/2/3 shadows, deep ambient occlusion, extreme chiaroscuro, crisp rim light, glass-like geometric eyes, soft skin, matte cloth, iridescent metal, cinematic isolation, clear silhouette, controlled detail hierarchy, no text, no watermark.","generic anime, chibi, round childish proportions, plastic skin, 3d render, low contrast, muddy colors, blurry lineart, uniform line weight, messy ornamental noise, bad anatomy, malformed hands, extra fingers, fused objects, text, logo, watermark, signature","nacel_v1, a helmet with a glass visor and gold trim resting on a stone step with rain droplets on its surface, object study"
0028,mech study,"winged humanoid machine standing on a launch rail, exposed joints and long blade arms","winged humanoid machine standing on a launch rail, exposed joints and long blade arms. Rendered in Nocturne Aegis Cel: original high-end digital anime illustration with a 1990s cel-animation skeleton and modern volumetric digital painting finish. Elongated elegant proportions where applicable, sharp geometric faces, subtle melancholic expression, tapered sweeping linework, bold hard-surface ink contours, jewel-toned blackened indigo violet magenta sapphire palette with antique gold or pale silver accents, layered 1/2/3 shadows, deep ambient occlusion, extreme chiaroscuro, crisp rim light, glass-like geometric eyes, soft skin, matte cloth, iridescent metal, cinematic isolation, clear silhouette, controlled detail hierarchy, no text, no watermark.","generic anime, chibi, round childish proportions, plastic skin, 3d render, low contrast, muddy colors, blurry lineart, uniform line weight, messy ornamental noise, bad anatomy, malformed hands, extra fingers, fused objects, text, logo, watermark, signature","nacel_v1, a winged humanoid machine standing on a launch rail with exposed joints and long blade arms, mech study"
0029,creature study,"armored celestial wolf walking through ruined snow, small bells and metal plates on its harness","armored celestial wolf walking through ruined snow, small bells and metal plates on its harness. Rendered in Nocturne Aegis Cel: original high-end digital anime illustration with a 1990s cel-animation skeleton and modern volumetric digital painting finish. Elongated elegant proportions where applicable, sharp geometric faces, subtle melancholic expression, tapered sweeping linework, bold hard-surface ink contours, jewel-toned blackened indigo violet magenta sapphire palette with antique gold or pale silver accents, layered 1/2/3 shadows, deep ambient occlusion, extreme chiaroscuro, crisp rim light, glass-like geometric eyes, soft skin, matte cloth, iridescent metal, cinematic isolation, clear silhouette, controlled detail hierarchy, no text, no watermark.","generic anime, chibi, round childish proportions, plastic skin, 3d render, low contrast, muddy colors, blurry lineart, uniform line weight, messy ornamental noise, bad anatomy, malformed hands, extra fingers, fused objects, text, logo, watermark, signature","nacel_v1, an armored celestial wolf walking through ruined snow with small bells and metal plates on its harness, creature study"
0030,vehicle study,"gothic starfighter parked under a broken launch arch, open cockpit, cables on the ground","gothic starfighter parked under a broken launch arch, open cockpit, cables on the ground. Rendered in Nocturne Aegis Cel: original high-end digital anime illustration with a 1990s cel-animation skeleton and modern volumetric digital painting finish. Elongated elegant proportions where applicable, sharp geometric faces, subtle melancholic expression, tapered sweeping linework, bold hard-surface ink contours, jewel-toned blackened indigo violet magenta sapphire palette with antique gold or pale silver accents, layered 1/2/3 shadows, deep ambient occlusion, extreme chiaroscuro, crisp rim light, glass-like geometric eyes, soft skin, matte cloth, iridescent metal, cinematic isolation, clear silhouette, controlled detail hierarchy, no text, no watermark.","generic anime, chibi, round childish proportions, plastic skin, 3d render, low contrast, muddy colors, blurry lineart, uniform line weight, messy ornamental noise, bad anatomy, malformed hands, extra fingers, fused objects, text, logo, watermark, signature","nacel_v1, a gothic starfighter parked under a broken launch arch with an open cockpit and cables on the ground, vehicle study"
